<?xml version="1.0" encoding="UTF-8"?>
<interfaceConfig scenario="mars2013" host="localhost" port="12300" scheduling="yes" times="no" notifications="no" queued="no" statisticsFile="no" statisticsShell="no" submitStatistic="no">
  <entities>
    <entity name="connectionA1" username="a1" password="1" iilang="yes" xml="yes"/>
    <entity name="connectionA2" username="a2" password="1" iilang="yes" xml="yes"/>
    <entity name="connectionA3" username="a3" password="1" iilang="yes" xml="yes"/>
    <entity name="connectionA4" username="a4" password="1" iilang="yes" xml="yes"/>
    <entity name="connectionA5" username="a5" password="1" iilang="yes" xml="yes"/>
    <entity name="connectionA6" username="a6" password="1" iilang="yes" xml="yes"/>
    <entity name="connectionA7" username="a7" password="1" iilang="yes" xml="yes"/>
    <entity name="connectionA8" username="a8" password="1" iilang="yes" xml="yes"/>
    <entity name="connectionA9" username="a9" password="1" iilang="yes" xml="yes"/>
    <entity name="connectionA10" username="a10" password="1" iilang="yes" xml="yes"/>
    <entity name="connectionA11" username="a11" password="1" iilang="yes" xml="yes"/>
    <entity name="connectionA12" username="a12" password="1" iilang="yes" xml="yes"/>
    <entity name="connectionA13" username="a13" password="1" iilang="yes" xml="yes"/>
    <entity name="connectionA14" username="a14" password="1" iilang="yes" xml="yes"/>
    <entity name="connectionA15" username="a15" password="1" iilang="yes" xml="yes"/>
    <entity name="connectionA16" username="a16" password="1" iilang="yes" xml="yes"/>
    <entity name="connectionA17" username="a17" password="1" iilang="yes" xml="yes"/>
    <entity name="connectionA18" username="a18" password="1" iilang="yes" xml="yes"/>
    <entity name="connectionA19" username="a19" password="1" iilang="yes" xml="yes"/>
    <entity name="connectionA20" username="a20" password="1" iilang="yes" xml="yes"/>
    <entity name="connectionA21" username="a21" password="1" iilang="yes" xml="yes"/>
    <entity name="connectionA22" username="a22" password="1" iilang="yes" xml="yes"/>
    <entity name="connectionA23" username="a23" password="1" iilang="yes" xml="yes"/>
    <entity name="connectionA24" username="a24" password="1" iilang="yes" xml="yes"/>
    <entity name="connectionA25" username="a25" password="1" iilang="yes" xml="yes"/>
    <entity name="connectionA26" username="a26" password="1" iilang="yes" xml="yes"/>
    <entity name="connectionA27" username="a27" password="1" iilang="yes" xml="yes"/>
    <entity name="connectionA28" username="a28" password="1" iilang="yes" xml="yes"/>
    
    <entity name="connectionB1" username="b1" password="1" iilang="yes" xml="yes"/>
    <entity name="connectionB2" username="b2" password="1" iilang="yes" xml="yes"/>
    <entity name="connectionB3" username="b3" password="1" iilang="yes" xml="yes"/>
    <entity name="connectionB4" username="b4" password="1" iilang="yes" xml="yes"/>
    <entity name="connectionB5" username="b5" password="1" iilang="yes" xml="yes"/>
    <entity name="connectionB6" username="b6" password="1" iilang="yes" xml="yes"/>
    <entity name="connectionB7" username="b7" password="1" iilang="yes" xml="yes"/>
    <entity name="connectionB8" username="b8" password="1" iilang="yes" xml="yes"/>
    <entity name="connectionB9" username="b9" password="1" iilang="yes" xml="yes"/>
    <entity name="connectionB10" username="b10" password="1" iilang="yes" xml="yes"/>
    <entity name="connectionB11" username="b11" password="1" iilang="yes" xml="yes"/>
    <entity name="connectionB12" username="b12" password="1" iilang="yes" xml="yes"/>
    <entity name="connectionB13" username="b13" password="1" iilang="yes" xml="yes"/>
    <entity name="connectionB14" username="b14" password="1" iilang="yes" xml="yes"/>
    <entity name="connectionB15" username="b15" password="1" iilang="yes" xml="yes"/>
    <entity name="connectionB16" username="b16" password="1" iilang="yes" xml="yes"/>
    <entity name="connectionB17" username="b17" password="1" iilang="yes" xml="yes"/>
    <entity name="connectionB18" username="b18" password="1" iilang="yes" xml="yes"/>
    <entity name="connectionB19" username="b19" password="1" iilang="yes" xml="yes"/>
    <entity name="connectionB20" username="b20" password="1" iilang="yes" xml="yes"/>
    <entity name="connectionB21" username="b21" password="1" iilang="yes" xml="yes"/>
    <entity name="connectionB22" username="b22" password="1" iilang="yes" xml="yes"/>
    <entity name="connectionB23" username="b23" password="1" iilang="yes" xml="yes"/>
    <entity name="connectionB24" username="b24" password="1" iilang="yes" xml="yes"/>
    <entity name="connectionB25" username="b25" password="1" iilang="yes" xml="yes"/>
    <entity name="connectionB26" username="b26" password="1" iilang="yes" xml="yes"/>
    <entity name="connectionB27" username="b27" password="1" iilang="yes" xml="yes"/>
    <entity name="connectionB28" username="b28" password="1" iilang="yes" xml="yes"/>
  </entities>
</interfaceConfig>
